[{
    "custno": "0200712105",
    "custname": "WALG systems",
    "amount": 1409.98,
    "invoiceid": 1930663081,
    "duedate": "Apr 2, 2020",
    "paydate": "Mar 26, 2020"
  },
  {
    "custno": "0200337148",
    "custname": "COAS corp",
    "amount": 73599.48,
    "invoiceid": 1930892232,
    "duedate": "May 26, 2020",
    "paydate": "May 26, 2020"
  },
  
 {
    "custno": "0200820380",
    "custname": "SMITH\u0027S co",
    "amount": 53327.28,
    "invoiceid": 1930784371,
    "duedate": "May 1, 2020",
    "paydate": "Apr 24, 2020"
  },
  {
    "custno": "0200769623",
    "custname": "WAL-MAR us",
    "amount": 9252.23,
    "invoiceid": 1930684387,
    "duedate": "Apr 7, 2020",
    "paydate": "Apr 10, 2020"
  },
  {
    "custno": "0140104229",
    "custname": "A \u0026 W F associates",
    "amount": 6150.6,
    "invoiceid": 2960629933,
    "duedate": "May 1, 2020",
    "paydate": "May 4, 2020"
  },
  {
    "custno": "0200769623",
    "custname": "WAL-MAR",
    "amount": 17306.49,
    "invoiceid": 1930714627,
    "duedate": "Apr 13, 2020",
    "paydate": "Apr 16, 2020"
  },
  {
    "custno": "0100031704",
    "custname": "DELHAIZE co",
    "amount": 92398.18,
    "invoiceid": 1930760528,
    "duedate": "Apr 22, 2020",
    "paydate": "Apr 22, 2020"
  },
  {
    "custno": "0200726979",
    "custname": "BJ\u0027S  corporation",
    "amount": 154.52,
    "invoiceid": 1930751394,
    "duedate": "Apr 21, 2020",
    "paydate": "Apr 21, 2020"
  },
  {
    "custno": "0200769623",
    "custname": "WAL-MAR systems",
    "amount": 7492.25,
    "invoiceid": 1930826846,
    "duedate": "May 10, 2020",
    "paydate": "May 13, 2020"
  },
  {
    "custno": "0200707822",
    "custname": "PUBLI foundation",
    "amount": 116137.83,
    "invoiceid": 1930666368,
    "duedate": "Apr 2, 2020",
    "paydate": "Mar 26, 2020"
  },
  {
    "custno": "0200706844",
    "custname": "WINC co",
    "amount": 42969.57,
    "invoiceid": 1930716645,
    "duedate": "Apr 7, 2020",
    "paydate": "Mar 31, 2020"
  },
  {
    "custno": "0100031686",
    "custname": "EWT-EU co",
    "amount": 4112.47,
    "invoiceid": 1991840512,
    "duedate": "Apr 1, 2020",
    "paydate": "Apr 1, 2020"
  },
  {
    "custno": "0200769623",
    "custname": "WAL-MAR corp",
    "amount": 67561.77,
    "invoiceid": 1930581069,
    "duedate": "Mar 14, 2020",
    "paydate": "Mar 17, 2020"
  },
  {
    "custno": "0140104472",
    "custname": "MARTIN systems",
    "amount": 5273.28,
    "invoiceid": 2960622300,
    "duedate": "Apr 4, 2020",
    "paydate": "Apr 7, 2020"
  },
  {
    "custno": "0200704858",
    "custname": "WAKE foundation",
    "amount": 6721.96,
    "invoiceid": 1930724472,
    "duedate": "Apr 16, 2020",
    "paydate": "Apr 9, 2020"
  },
  {
    "custno": "0200769623",
    "custname": "WAL-MAR co",
    "amount": 40454.06,
    "invoiceid": 1930690192,
    "duedate": "Apr 9, 2020",
    "paydate": "Apr 12, 2020"
  },
  {
    "custno": "0200772670",
    "custname": "ASSOCIAT systems",
    "amount": 16137.37,
    "invoiceid": 1930630345,
    "duedate": "Mar 25, 2020",
    "paydate": "Apr 27, 2020"
  },
  {
    "custno": "0200759878",
    "custname": "SA llc",
    "amount": 13509.53,
    "invoiceid": 1930829697,
    "duedate": "May 14, 2020",
    "paydate": "May 17, 2020"
  },
  {
    "custno": "0200772670",
    "custname": "ASSOCIAT",
    "amount": 57600.3,
    "invoiceid": 1930838660,
    "duedate": "May 14, 2020",
    "paydate": "Jun 16, 2020"
  },
  {
    "custno": "0200732755",
    "custname": "KROGER systems",
    "amount": 120892.64,
    "invoiceid": 1930813760,
    "duedate": "May 8, 2020",
    "paydate": "May 1, 2020"
  },
  {
    "custno": "0200803720",
    "custname": "DEC corporation",
    "amount": 5306.19,
    "invoiceid": 1930612085,
    "duedate": "Mar 11, 2020",
    "paydate": "Mar 26, 2020"
  },
  {
    "custno": "0140106181",
    "custname": "THE",
    "amount": 19167.33,
    "invoiceid": 2960631522,
    "duedate": "May 11, 2020",
    "paydate": "May 14, 2020"
  },
  {
    "custno": "0200780383",
    "custname": "MEIJ trust",
    "amount": 128545.69,
    "invoiceid": 1930862209,
    "duedate": "May 21, 2020",
    "paydate": "May 14, 2020"
  },
  {
    "custno": "0200707822",
    "custname": "PUBLI in",
    "amount": 94081.75,
    "invoiceid": 1930652749,
    "duedate": "Mar 31, 2020",
    "paydate": "Mar 24, 2020"
  },
  {
    "custno": "0200769623",
    "custname": "WAL-MAR trust",
    "amount": 9472.61,
    "invoiceid": 1930718198,
    "duedate": "Apr 15, 2020",
    "paydate": "Apr 18, 2020"
  },
  {
    "custno": "0200769623",
    "custname": "WAL-MAR llc",
    "amount": 47.16,
    "invoiceid": 1930705273,
    "duedate": "Apr 11, 2020",
    "paydate": "Mar 10, 2020"
  },
  {
    "custno": "0200762301",
    "custname": "C\u0026S WH us",
    "amount": 4061.99,
    "invoiceid": 1930637810,
    "duedate": "May 15, 2020",
    "paydate": "May 30, 2020"
  },
  {
    "custno": "0200778870",
    "custname": "C co",
    "amount": 25.5,
    "invoiceid": 1930759300,
    "duedate": "Apr 24, 2020",
    "paydate": "Apr 24, 2020"
  },
  {
    "custno": "0200769623",
    "custname": "WAL-MAR co",
    "amount": 43058.09,
    "invoiceid": 1930768458,
    "duedate": "Apr 24, 2020",
    "paydate": "May 9, 2020"
  },
  {
    "custno": "0200779111",
    "custname": "NICH associates",
    "amount": 37186.95,
    "invoiceid": 1930666164,
    "duedate": "Apr 3, 2020",
    "paydate": "Mar 27, 2020"
  },
  {
    "custno": "0200797452",
    "custname": "US  corporation",
    "amount": 41348.82,
    "invoiceid": 1930765201,
    "duedate": "Apr 23, 2020",
    "paydate": "Apr 16, 2020"
  },
  {
    "custno": "0200769623",
    "custname": "WAL-MAR corporation",
    "amount": 53458.67,
    "invoiceid": 1930582549,
    "duedate": "Mar 15, 2020",
    "paydate": "Mar 18, 2020"
  },
  {
    "custno": "0200743123",
    "custname": "KROGER llc",
    "amount": 31646.53,
    "invoiceid": 1930873451,
    "duedate": "May 22, 2020",
    "paydate": "May 15, 2020"
  },
  {
    "custno": "0100026809",
    "custname": "PRES in",
    "amount": 26967.5,
    "invoiceid": 1930818861,
    "duedate": "May 2, 2020",
    "paydate": "May 5, 2020"
  },
  {
    "custno": "0200705742",
    "custname": "DOT",
    "amount": 85257.39,
    "invoiceid": 1930623734,
    "duedate": "Mar 29, 2020",
    "paydate": "Mar 29, 2020"
  },
  {
    "custno": "0200769623",
    "custname": "WAL-MAR associates",
    "amount": 106.67,
    "invoiceid": 1930679089,
    "duedate": "Apr 5, 2020",
    "paydate": "Mar 4, 2020"
  },
  {
    "custno": "0200794332",
    "custname": "COST corporation",
    "amount": 98635.05,
    "invoiceid": 1930798479,
    "duedate": "May 2, 2020",
    "paydate": "May 2, 2020"
  },
  {
    "custno": "0200704858",
    "custname": "WAKE foundation",
    "amount": 86333.23,
    "invoiceid": 1930599485,
    "duedate": "Mar 20, 2020",
    "paydate": "Mar 13, 2020"
  },
  {
    "custno": "0200769623",
    "custname": "WAL-MAR associates",
    "amount": 48959.16,
    "invoiceid": 1930584010,
    "duedate": "Mar 16, 2020",
    "paydate": "Mar 31, 2020"
  },
  {
    "custno": "0200762301",
    "custname": "C\u0026S WH corporation",
    "amount": 18445.94,
    "invoiceid": 1930838121,
    "duedate": "May 16, 2020",
    "paydate": "May 16, 2020"
  },
  {
    "custno": "0140104340",
    "custname": "COLABOR  trust",
    "amount": 9534.88,
    "invoiceid": 2960618311,
    "duedate": "Mar 15, 2020",
    "paydate": "Mar 18, 2020"
  },
  {
    "custno": "0200762301",
    "custname": "C\u0026S WH",
    "amount": 8297.97,
    "invoiceid": 1930731778,
    "duedate": "Jun 6, 2020",
    "paydate": "Jun 24, 2020"
  },
  {
    "custno": "0200769623",
    "custname": "WAL-MAR systems",
    "amount": 57921.64,
    "invoiceid": 1930747530,
    "duedate": "Apr 20, 2020",
    "paydate": "May 5, 2020"
  },
  {
    "custno": "0200792734",
    "custname": "MDV/ co",
    "amount": 33926.72,
    "invoiceid": 1930843798,
    "duedate": "May 16, 2020",
    "paydate": "May 9, 2020"
  },
  {
    "custno": "0200772670",
    "custname": "ASSOCIAT us",
    "amount": 27451.37,
    "invoiceid": 1930749649,
    "duedate": "Apr 20, 2020",
    "paydate": "May 23, 2020"
  },
  {
    "custno": "0200793513",
    "custname": "KROGER trust",
    "amount": 15207.03,
    "invoiceid": 1930713818,
    "duedate": "Apr 12, 2020",
    "paydate": "Apr 5, 2020"
  },
  {
    "custno": "0200769623",
    "custname": "WAL-MAR us",
    "amount": 27665.36,
    "invoiceid": 1930760638,
    "duedate": "Apr 23, 2020",
    "paydate": "May 8, 2020"
  },
  {
    "custno": "0140106408",
    "custname": "WAL-M llc",
    "amount": 80328.75,
    "invoiceid": 2960622385,
    "duedate": "Apr 1, 2020",
    "paydate": "Apr 4, 2020"
  },
  {
    "custno": "0140106408",
    "custname": "WAL-M systems",
    "amount": 3880.47,
    "invoiceid": 2960622071,
    "duedate": "Apr 1, 2020",
    "paydate": "Apr 4, 2020"
  },
  {
    "custno": "0200799180",
    "custname": "CHEN",
    "amount": 24972.09,
    "invoiceid": 1930705557,
    "duedate": "Apr 20, 2020",
    "paydate": "Apr 3, 2020"
  },
  {
    "custno": "0200794332",
    "custname": "COST co",
    "amount": 17253.71,
    "invoiceid": 1930623640,
    "duedate": "Mar 24, 2020",
    "paydate": "Mar 24, 2020"
  },
  {
    "custno": "0200769623",
    "custname": "WAL-MAR corp",
    "amount": 8576.79,
    "invoiceid": 1930610068,
    "duedate": "Mar 21, 2020",
    "paydate": "Apr 5, 2020"
  },
  {
    "custno": "0200833713",
    "custname": "JETRO us",
    "amount": 3002.22,
    "invoiceid": 1930730917,
    "duedate": "Apr 21, 2020",
    "paydate": "Apr 21, 2020"
  },
  {
    "custno": "0200792293",
    "custname": "UNIFIE in",
    "amount": 55244.36,
    "invoiceid": 1930856500,
    "duedate": "May 21, 2020",
    "paydate": "May 14, 2020"
  },
  {
    "custno": "0200748108",
    "custname": "KROGER llc",
    "amount": 120438.08,
    "invoiceid": 1930834021,
    "duedate": "May 13, 2020",
    "paydate": "May 6, 2020"
  },
  {
    "custno": "0200769623",
    "custname": "WAL-MAR llc",
    "amount": 12924.99,
    "invoiceid": 1930710181,
    "duedate": "Apr 12, 2020",
    "paydate": "Apr 15, 2020"
  },
  {
    "custno": "0200803720",
    "custname": "DEC associates",
    "amount": 1856.21,
    "invoiceid": 1930773154,
    "duedate": "Apr 24, 2020",
    "paydate": "Apr 25, 2020"
  },
  {
    "custno": "0140142846",
    "custname": "MONDE associates",
    "amount": 3315.96,
    "invoiceid": 1930609274,
    "duedate": "May 9, 2020",
    "paydate": "Apr 23, 2020"
  },
  {
    "custno": "0200726979",
    "custname": "BJ\u0027S  llc",
    "amount": 778.26,
    "invoiceid": 1930629598,
    "duedate": "Mar 23, 2020",
    "paydate": "Mar 23, 2020"
  },
  {
    "custno": "0200780849",
    "custname": "LAUREL in",
    "amount": 127784.07,
    "invoiceid": 1930720549,
    "duedate": "Apr 14, 2020",
    "paydate": "Apr 7, 2020"
  },
  {
    "custno": "0200752302",
    "custname": "KROGER llc",
    "amount": 17283.51,
    "invoiceid": 1930618636,
    "duedate": "Mar 23, 2020",
    "paydate": "Mar 16, 2020"
  },
  {
    "custno": "200769623",
    "custname": "WAL-MAR foundation",
    "amount": 13028.85,
    "invoiceid": 1930750642,
    "duedate": "Apr 22, 2020",
    "paydate": "May 7, 2020"
  },
  {
    "custno": "0200762301",
    "custname": "C\u0026S WH systems",
    "amount": 32045.32,
    "invoiceid": 1930653446,
    "duedate": "Mar 31, 2020",
    "paydate": "Mar 31, 2020"
  },
  {
    "custno": "140104440",
    "custname": "SO corporation",
    "amount": 125818.42,
    "invoiceid": 2960619692,
    "duedate": "Mar 27, 2020",
    "paydate": "Mar 30, 2020"
  },
  {
    "custno": "0200769623",
    "custname": "WAL-MAR llc",
    "amount": 65219.82,
    "invoiceid": 1930660972,
    "duedate": "Apr 2, 2020",
    "paydate": "Apr 9, 2020"
  },
  {
    "custno": "0200936373",
    "custname": "SUPE corp",
    "amount": 18475.72,
    "invoiceid": 1930628040,
    "duedate": "Mar 25, 2020",
    "paydate": "Mar 18, 2020"
  },
  {
    "custno": "0200794332",
    "custname": "COST in",
    "amount": 3002.55,
    "invoiceid": 1930605215,
    "duedate": "Mar 21, 2020",
    "paydate": "Mar 21, 2020"
  },
  {
    "custno": "0200149567",
    "custname": "RESER foundation",
    "amount": 67643.1,
    "invoiceid": 1930635620,
    "duedate": "Apr 24, 2020",
    "paydate": "Apr 24, 2020"
  },
  {
    "custno": "0200769623",
    "custname": "WAL-MAR associates",
    "amount": 17043.69,
    "invoiceid": 1930706532,
    "duedate": "Apr 12, 2020",
    "paydate": "Apr 15, 2020"
  },
  {
    "custno": "0200726979",
    "custname": "BJ\u0027S  co",
    "amount": 601.5,
    "invoiceid": 1930708918,
    "duedate": "Apr 11, 2020",
    "paydate": "Apr 11, 2020"
  },
  {
    "custno": "0200769623",
    "custname": "WAL-MAR foundation",
    "amount": 14108.73,
    "invoiceid": 1930778122,
    "duedate": "Apr 28, 2020",
    "paydate": "May 5, 2020"
  },
  {
    "custno": "200769623",
    "custname": "WAL-MAR",
    "amount": 17289.88,
    "invoiceid": 1930683054,
    "duedate": "Apr 7, 2020",
    "paydate": "Apr 10, 2020"
  }
  ]
   